subject,exp_num,score,modality
1,1,0.0454545454545455,HE
1,1,0.0681818181818182,LE
1,1,0.840909090909091,NO
1,1,0.0454545454545455,BO
2,1,0.170454545454545,HE
2,1,0.0568181818181818,LE
2,1,0.693181818181818,NO
2,1,0.0795454545454545,BO
3,1,0.0454545454545455,HE
3,1,0.0454545454545455,LE
3,1,0.795454545454545,NO
3,1,0.113636363636364,BO
4,1,0.352272727272727,HE
4,1,0.0227272727272727,LE
4,1,0.625,NO
4,1,0,BO
5,1,0.352272727272727,HE
5,1,0.0454545454545455,LE
5,1,0.579545454545455,NO
5,1,0.0227272727272727,BO
6,1,0.306818181818182,HE
6,1,0.0681818181818182,LE
6,1,0.534090909090909,NO
6,1,0.0909090909090909,BO
7,1,0.0454545454545455,HE
7,1,0.0113636363636364,LE
7,1,0.897727272727273,NO
7,1,0.0454545454545455,BO
8,1,0.170454545454545,HE
8,1,0.0227272727272727,LE
8,1,0.784090909090909,NO
8,1,0.0227272727272727,BO
9,1,0.340909090909091,HE
9,1,0,LE
9,1,0.647727272727273,NO
9,1,0.0113636363636364,BO
10,1,0.0227272727272727,HE
10,1,0.0340909090909091,LE
10,1,0.931818181818182,NO
10,1,0.0113636363636364,BO
11,1,0.0795454545454545,HE
11,1,0.0227272727272727,LE
11,1,0.784090909090909,NO
11,1,0.113636363636364,BO
12,1,0.0113636363636364,HE
12,1,0.0227272727272727,LE
12,1,0.920454545454545,NO
12,1,0.0454545454545455,BO
13,1,0.0909090909090909,HE
13,1,0.0113636363636364,LE
13,1,0.829545454545455,NO
13,1,0.0681818181818182,BO
14,1,0.0227272727272727,HE
14,1,0.0340909090909091,LE
14,1,0.477272727272727,NO
14,1,0.465909090909091,BO
15,1,0.0568181818181818,HE
15,1,0.125,LE
15,1,0.704545454545455,NO
15,1,0.113636363636364,BO
16,1,0.0340909090909091,HE
16,1,0.0795454545454545,LE
16,1,0.806818181818182,NO
16,1,0.0795454545454545,BO
17,1,0.0454545454545455,HE
17,1,0,LE
17,1,0.943181818181818,NO
17,1,0.0113636363636364,BO
18,1,0.0568181818181818,HE
18,1,0.0340909090909091,LE
18,1,0.579545454545455,NO
18,1,0.329545454545455,BO
19,1,0.0454545454545455,HE
19,1,0.0227272727272727,LE
19,1,0.5,NO
19,1,0.431818181818182,BO
20,1,0.0681818181818182,HE
20,1,0.0227272727272727,LE
20,1,0.852272727272727,NO
20,1,0.0568181818181818,BO
21,1,0.204545454545455,HE
21,1,0.0227272727272727,LE
21,1,0.761363636363636,NO
21,1,0.0113636363636364,BO
22,1,0.215909090909091,HE
22,1,0.0227272727272727,LE
22,1,0.670454545454545,NO
22,1,0.0909090909090909,BO
23,1,0.181818181818182,HE
23,1,0.0113636363636364,LE
23,1,0.806818181818182,NO
23,1,0,BO
24,1,0.261363636363636,HE
24,1,0.0113636363636364,LE
24,1,0.727272727272727,NO
24,1,0,BO
25,1,0.0454545454545455,HE
25,1,0,LE
25,1,0.954545454545455,NO
25,1,0,BO
26,1,0.0227272727272727,HE
26,1,0.0681818181818182,LE
26,1,0.647727272727273,NO
26,1,0.261363636363636,BO
27,1,0.125,HE
27,1,0.0227272727272727,LE
27,1,0.784090909090909,NO
27,1,0.0681818181818182,BO
28,1,0.0454545454545455,HE
28,1,0.0113636363636364,LE
28,1,0.852272727272727,NO
28,1,0.0909090909090909,BO
29,1,0.170454545454545,HE
29,1,0.0681818181818182,LE
29,1,0.670454545454545,NO
29,1,0.0909090909090909,BO
30,1,0.0454545454545455,HE
30,1,0.102272727272727,LE
30,1,0.727272727272727,NO
30,1,0.125,BO
31,1,0.0340909090909091,HE
31,1,0.0113636363636364,LE
31,1,0.886363636363636,NO
31,1,0.0681818181818182,BO
32,1,0.0454545454545455,HE
32,1,0,LE
32,1,0.897727272727273,NO
32,1,0.0568181818181818,BO
33,1,0.284090909090909,HE
33,1,0.0340909090909091,LE
33,1,0.659090909090909,NO
33,1,0.0227272727272727,BO
34,1,0.181818181818182,HE
34,1,0.0113636363636364,LE
34,1,0.806818181818182,NO
34,1,0,BO
35,1,0.0909090909090909,HE
35,1,0,LE
35,1,0.909090909090909,NO
35,1,0,BO
36,1,0.0681818181818182,HE
36,1,0.0795454545454545,LE
36,1,0.795454545454545,NO
36,1,0.0568181818181818,BO
37,1,0.102272727272727,HE
37,1,0.125,LE
37,1,0.727272727272727,NO
37,1,0.0454545454545455,BO
38,1,0.136363636363636,HE
38,1,0.0113636363636364,LE
38,1,0.818181818181818,NO
38,1,0.0340909090909091,BO
39,1,0.113636363636364,HE
39,1,0.0113636363636364,LE
39,1,0.863636363636364,NO
39,1,0.0113636363636364,BO
40,1,0.102272727272727,HE
40,1,0.0113636363636364,LE
40,1,0.886363636363636,NO
40,1,0,BO
41,1,0.102272727272727,HE
41,1,0.0227272727272727,LE
41,1,0.704545454545455,NO
41,1,0.170454545454545,BO
42,1,0.0113636363636364,HE
42,1,0.0795454545454545,LE
42,1,0.795454545454545,NO
42,1,0.113636363636364,BO
43,1,0.0340909090909091,HE
43,1,0.102272727272727,LE
43,1,0.75,NO
43,1,0.113636363636364,BO
44,1,0.0909090909090909,HE
44,1,0.113636363636364,LE
44,1,0.431818181818182,NO
44,1,0.363636363636364,BO
45,1,0.0340909090909091,HE
45,1,0.136363636363636,LE
45,1,0.681818181818182,NO
45,1,0.147727272727273,BO
46,1,0.227272727272727,HE
46,1,0.0454545454545455,LE
46,1,0.693181818181818,NO
46,1,0.0340909090909091,BO
47,1,0.0113636363636364,HE
47,1,0.125,LE
47,1,0.511363636363636,NO
47,1,0.352272727272727,BO
48,1,0.0227272727272727,HE
48,1,0.0454545454545455,LE
48,1,0.863636363636364,NO
48,1,0.0681818181818182,BO
49,1,0.352272727272727,HE
49,1,0.0227272727272727,LE
49,1,0.602272727272727,NO
49,1,0.0227272727272727,BO
50,1,0.193181818181818,HE
50,1,0.0113636363636364,LE
50,1,0.795454545454545,NO
50,1,0,BO
51,1,0.0681818181818182,HE
51,1,0.147727272727273,LE
51,1,0.75,NO
51,1,0.0340909090909091,BO
52,1,0,HE
52,1,0.0454545454545455,LE
52,1,0.840909090909091,NO
52,1,0.113636363636364,BO
53,1,0.136363636363636,HE
53,1,0.0113636363636364,LE
53,1,0.784090909090909,NO
53,1,0.0681818181818182,BO
54,1,0.0909090909090909,HE
54,1,0.0795454545454545,LE
54,1,0.772727272727273,NO
54,1,0.0568181818181818,BO
55,1,0.215909090909091,HE
55,1,0,LE
55,1,0.772727272727273,NO
55,1,0.0113636363636364,BO
56,1,0.136363636363636,HE
56,1,0.0909090909090909,LE
56,1,0.659090909090909,NO
56,1,0.113636363636364,BO
57,1,0.295454545454545,HE
57,1,0.0227272727272727,LE
57,1,0.670454545454545,NO
57,1,0.0113636363636364,BO
58,1,0.147727272727273,HE
58,1,0.102272727272727,LE
58,1,0.670454545454545,NO
58,1,0.0795454545454545,BO
59,1,0.113636363636364,HE
59,1,0.0681818181818182,LE
59,1,0.738636363636364,NO
59,1,0.0795454545454545,BO
60,1,0.0909090909090909,HE
60,1,0,LE
60,1,0.909090909090909,NO
60,1,0,BO
61,1,0,HE
61,1,0.227272727272727,LE
61,1,0.534090909090909,NO
61,1,0.238636363636364,BO
62,1,0.136363636363636,HE
62,1,0.0227272727272727,LE
62,1,0.818181818181818,NO
62,1,0.0227272727272727,BO
63,1,0.0227272727272727,HE
63,1,0.170454545454545,LE
63,1,0.647727272727273,NO
63,1,0.159090909090909,BO
64,1,0.238636363636364,HE
64,1,0.0681818181818182,LE
64,1,0.613636363636364,NO
64,1,0.0795454545454545,BO
65,1,0.0113636363636364,HE
65,1,0.0340909090909091,LE
65,1,0.852272727272727,NO
65,1,0.102272727272727,BO
66,1,0.125,HE
66,1,0.0340909090909091,LE
66,1,0.772727272727273,NO
66,1,0.0681818181818182,BO
67,1,0.102272727272727,HE
67,1,0.0113636363636364,LE
67,1,0.886363636363636,NO
67,1,0,BO
68,1,0.397727272727273,HE
68,1,0,LE
68,1,0.602272727272727,NO
68,1,0,BO
69,1,0.0909090909090909,HE
69,1,0.0340909090909091,LE
69,1,0.852272727272727,NO
69,1,0.0227272727272727,BO
70,1,0.0454545454545455,HE
70,1,0.0568181818181818,LE
70,1,0.818181818181818,NO
70,1,0.0795454545454545,BO
71,1,0.125,HE
71,1,0.136363636363636,LE
71,1,0.386363636363636,NO
71,1,0.352272727272727,BO
72,1,0.147727272727273,HE
72,1,0.193181818181818,LE
72,1,0.261363636363636,NO
72,1,0.397727272727273,BO
73,1,0.204545454545455,HE
73,1,0.0113636363636364,LE
73,1,0.761363636363636,NO
73,1,0.0227272727272727,BO
74,1,0.386363636363636,HE
74,1,0.0113636363636364,LE
74,1,0.602272727272727,NO
74,1,0,BO
75,1,0.0909090909090909,HE
75,1,0.0681818181818182,LE
75,1,0.761363636363636,NO
75,1,0.0795454545454545,BO
76,1,0.0227272727272727,HE
76,1,0.0454545454545455,LE
76,1,0.886363636363636,NO
76,1,0.0454545454545455,BO
77,2,0.170454545454545,HE
77,2,0.0340909090909091,LE
77,2,0.738636363636364,NO
77,2,0.0568181818181818,BO
78,2,0.159090909090909,HE
78,2,0.0795454545454545,LE
78,2,0.75,NO
78,2,0.0113636363636364,BO
79,2,0.125,HE
79,2,0.0113636363636364,LE
79,2,0.818181818181818,NO
79,2,0.0454545454545455,BO
80,2,0.113636363636364,HE
80,2,0.0454545454545455,LE
80,2,0.806818181818182,NO
80,2,0.0340909090909091,BO
81,2,0.0681818181818182,HE
81,2,0.0454545454545455,LE
81,2,0.840909090909091,NO
81,2,0.0454545454545455,BO
82,2,0.261363636363636,HE
82,2,0.0681818181818182,LE
82,2,0.590909090909091,NO
82,2,0.0795454545454545,BO
83,2,0.0681818181818182,HE
83,2,0.0340909090909091,LE
83,2,0.840909090909091,NO
83,2,0.0568181818181818,BO
84,2,0.181818181818182,HE
84,2,0,LE
84,2,0.795454545454545,NO
84,2,0.0227272727272727,BO
85,2,0.204545454545455,HE
85,2,0.0340909090909091,LE
85,2,0.704545454545455,NO
85,2,0.0568181818181818,BO
86,2,0.25,HE
86,2,0,LE
86,2,0.75,NO
86,2,0,BO
87,2,0.147727272727273,HE
87,2,0.170454545454545,LE
87,2,0.636363636363636,NO
87,2,0.0454545454545455,BO
88,2,0.272727272727273,HE
88,2,0,LE
88,2,0.704545454545455,NO
88,2,0.0227272727272727,BO
89,2,0.295454545454545,HE
89,2,0,LE
89,2,0.704545454545455,NO
89,2,0,BO
90,2,0.113636363636364,HE
90,2,0.0568181818181818,LE
90,2,0.761363636363636,NO
90,2,0.0681818181818182,BO
91,2,0.136363636363636,HE
91,2,0.0909090909090909,LE
91,2,0.613636363636364,NO
91,2,0.159090909090909,BO
92,2,0.0795454545454545,HE
92,2,0.0113636363636364,LE
92,2,0.897727272727273,NO
92,2,0.0113636363636364,BO
93,2,0.340909090909091,HE
93,2,0.0568181818181818,LE
93,2,0.545454545454545,NO
93,2,0.0568181818181818,BO
94,2,0.0454545454545455,HE
94,2,0,LE
94,2,0.954545454545455,NO
94,2,0,BO
95,2,0.215909090909091,HE
95,2,0.102272727272727,LE
95,2,0.625,NO
95,2,0.0568181818181818,BO
96,2,0.102272727272727,HE
96,2,0.0227272727272727,LE
96,2,0.795454545454545,NO
96,2,0.0795454545454545,BO
97,2,0.397727272727273,HE
97,2,0.0113636363636364,LE
97,2,0.590909090909091,NO
97,2,0,BO
98,2,0.0681818181818182,HE
98,2,0.113636363636364,LE
98,2,0.590909090909091,NO
98,2,0.227272727272727,BO
99,2,0.352272727272727,HE
99,2,0.0113636363636364,LE
99,2,0.602272727272727,NO
99,2,0.0340909090909091,BO
100,2,0.272727272727273,HE
100,2,0,LE
100,2,0.715909090909091,NO
100,2,0.0113636363636364,BO
101,2,0.0795454545454545,HE
101,2,0.0795454545454545,LE
101,2,0.806818181818182,NO
101,2,0.0340909090909091,BO
102,2,0.0340909090909091,HE
102,2,0.0113636363636364,LE
102,2,0.920454545454545,NO
102,2,0.0340909090909091,BO
103,2,0.0909090909090909,HE
103,2,0.0568181818181818,LE
103,2,0.829545454545455,NO
103,2,0.0227272727272727,BO
104,2,0.125,HE
104,2,0.0454545454545455,LE
104,2,0.761363636363636,NO
104,2,0.0681818181818182,BO
105,2,0.159090909090909,HE
105,2,0.0454545454545455,LE
105,2,0.75,NO
105,2,0.0454545454545455,BO
106,2,0.181818181818182,HE
106,2,0.0227272727272727,LE
106,2,0.795454545454545,NO
106,2,0,BO
107,2,0.272727272727273,HE
107,2,0.0909090909090909,LE
107,2,0.465909090909091,NO
107,2,0.170454545454545,BO
108,2,0.193181818181818,HE
108,2,0.0340909090909091,LE
108,2,0.727272727272727,NO
108,2,0.0454545454545455,BO
109,2,0.0795454545454545,HE
109,2,0.0568181818181818,LE
109,2,0.795454545454545,NO
109,2,0.0681818181818182,BO
110,2,0,HE
110,2,0.102272727272727,LE
110,2,0.681818181818182,NO
110,2,0.215909090909091,BO
111,2,0.147727272727273,HE
111,2,0.0681818181818182,LE
111,2,0.761363636363636,NO
111,2,0.0227272727272727,BO
112,2,0.136363636363636,HE
112,2,0.0454545454545455,LE
112,2,0.795454545454545,NO
112,2,0.0227272727272727,BO
113,2,0.329545454545455,HE
113,2,0.0568181818181818,LE
113,2,0.545454545454545,NO
113,2,0.0681818181818182,BO
114,2,0.0795454545454545,HE
114,2,0.0454545454545455,LE
114,2,0.75,NO
114,2,0.125,BO
115,2,0.0795454545454545,HE
115,2,0,LE
115,2,0.920454545454545,NO
115,2,0,BO
116,2,0.261363636363636,HE
116,2,0.102272727272727,LE
116,2,0.511363636363636,NO
116,2,0.125,BO
117,2,0.0340909090909091,HE
117,2,0,LE
117,2,0.943181818181818,NO
117,2,0.0227272727272727,BO
118,2,0.0681818181818182,HE
118,2,0.204545454545455,LE
118,2,0.602272727272727,NO
118,2,0.125,BO
119,2,0.0227272727272727,HE
119,2,0.125,LE
119,2,0.772727272727273,NO
119,2,0.0795454545454545,BO
120,2,0.397727272727273,HE
120,2,0,LE
120,2,0.602272727272727,NO
120,2,0,BO
121,2,0.0454545454545455,HE
121,2,0.125,LE
121,2,0.784090909090909,NO
121,2,0.0454545454545455,BO
122,2,0.136363636363636,HE
122,2,0,LE
122,2,0.863636363636364,NO
122,2,0,BO
123,2,0.136363636363636,HE
123,2,0.125,LE
123,2,0.727272727272727,NO
123,2,0.0113636363636364,BO
124,2,0.0909090909090909,HE
124,2,0.0340909090909091,LE
124,2,0.829545454545455,NO
124,2,0.0454545454545455,BO
125,2,0.0568181818181818,HE
125,2,0.102272727272727,LE
125,2,0.75,NO
125,2,0.0909090909090909,BO
126,2,0.125,HE
126,2,0,LE
126,2,0.715909090909091,NO
126,2,0.159090909090909,BO
127,2,0.363636363636364,HE
127,2,0.0454545454545455,LE
127,2,0.545454545454545,NO
127,2,0.0454545454545455,BO
128,2,0.284090909090909,HE
128,2,0.0795454545454545,LE
128,2,0.590909090909091,NO
128,2,0.0454545454545455,BO
129,2,0.0909090909090909,HE
129,2,0.0113636363636364,LE
129,2,0.693181818181818,NO
129,2,0.204545454545455,BO
130,2,0.204545454545455,HE
130,2,0.0113636363636364,LE
130,2,0.625,NO
130,2,0.159090909090909,BO
131,2,0.306818181818182,HE
131,2,0.0340909090909091,LE
131,2,0.568181818181818,NO
131,2,0.0909090909090909,BO
132,2,0.0795454545454545,HE
132,2,0.0113636363636364,LE
132,2,0.886363636363636,NO
132,2,0.0227272727272727,BO
133,2,0.0681818181818182,HE
133,2,0.0681818181818182,LE
133,2,0.761363636363636,NO
133,2,0.102272727272727,BO
134,2,0.352272727272727,HE
134,2,0,LE
134,2,0.636363636363636,NO
134,2,0.0113636363636364,BO
135,2,0.170454545454545,HE
135,2,0.0681818181818182,LE
135,2,0.761363636363636,NO
135,2,0,BO
136,2,0.125,HE
136,2,0.0227272727272727,LE
136,2,0.829545454545455,NO
136,2,0.0227272727272727,BO
137,2,0.147727272727273,HE
137,2,0.0227272727272727,LE
137,2,0.681818181818182,NO
137,2,0.147727272727273,BO
138,2,0.272727272727273,HE
138,2,0.0113636363636364,LE
138,2,0.636363636363636,NO
138,2,0.0795454545454545,BO
139,2,0.0568181818181818,HE
139,2,0.0681818181818182,LE
139,2,0.784090909090909,NO
139,2,0.0909090909090909,BO
140,2,0.181818181818182,HE
140,2,0.0340909090909091,LE
140,2,0.75,NO
140,2,0.0340909090909091,BO
141,2,0.159090909090909,HE
141,2,0,LE
141,2,0.829545454545455,NO
141,2,0.0113636363636364,BO
142,2,0.295454545454545,HE
142,2,0.0227272727272727,LE
142,2,0.659090909090909,NO
142,2,0.0227272727272727,BO
143,2,0.329545454545455,HE
143,2,0.0113636363636364,LE
143,2,0.647727272727273,NO
143,2,0.0113636363636364,BO
144,2,0.352272727272727,HE
144,2,0.0227272727272727,LE
144,2,0.375,NO
144,2,0.25,BO
145,2,0.102272727272727,HE
145,2,0,LE
145,2,0.886363636363636,NO
145,2,0.0113636363636364,BO
146,2,0.306818181818182,HE
146,2,0.0568181818181818,LE
146,2,0.579545454545455,NO
146,2,0.0568181818181818,BO
147,2,0.136363636363636,HE
147,2,0.0113636363636364,LE
147,2,0.852272727272727,NO
147,2,0,BO
148,3,0.0909090909090909,HE
148,3,0.0681818181818182,LE
148,3,0.818181818181818,NO
148,3,0.0227272727272727,BO
149,3,0.159090909090909,HE
149,3,0.0909090909090909,LE
149,3,0.704545454545455,NO
149,3,0.0454545454545455,BO
150,3,0.0454545454545455,HE
150,3,0.136363636363636,LE
150,3,0.784090909090909,NO
150,3,0.0340909090909091,BO
151,3,0.193181818181818,HE
151,3,0,LE
151,3,0.795454545454545,NO
151,3,0.0113636363636364,BO
152,3,0.193181818181818,HE
152,3,0,LE
152,3,0.795454545454545,NO
152,3,0.0113636363636364,BO
153,3,0.227272727272727,HE
153,3,0.0340909090909091,LE
153,3,0.715909090909091,NO
153,3,0.0227272727272727,BO
154,3,0.113636363636364,HE
154,3,0.0568181818181818,LE
154,3,0.738636363636364,NO
154,3,0.0909090909090909,BO
155,3,0.0681818181818182,HE
155,3,0.0681818181818182,LE
155,3,0.647727272727273,NO
155,3,0.215909090909091,BO
156,3,0.215909090909091,HE
156,3,0.125,LE
156,3,0.397727272727273,NO
156,3,0.261363636363636,BO
157,3,0.125,HE
157,3,0.125,LE
157,3,0.488636363636364,NO
157,3,0.261363636363636,BO
158,3,0,HE
158,3,0.0454545454545455,LE
158,3,0.829545454545455,NO
158,3,0.125,BO
159,3,0.170454545454545,HE
159,3,0.0454545454545455,LE
159,3,0.75,NO
159,3,0.0340909090909091,BO
160,3,0.136363636363636,HE
160,3,0,LE
160,3,0.852272727272727,NO
160,3,0.0113636363636364,BO
161,3,0.159090909090909,HE
161,3,0.0681818181818182,LE
161,3,0.772727272727273,NO
161,3,0,BO
162,3,0.0454545454545455,HE
162,3,0.215909090909091,LE
162,3,0.727272727272727,NO
162,3,0.0113636363636364,BO
163,3,0.136363636363636,HE
163,3,0.0909090909090909,LE
163,3,0.636363636363636,NO
163,3,0.136363636363636,BO
164,3,0.25,HE
164,3,0.0113636363636364,LE
164,3,0.704545454545455,NO
164,3,0.0340909090909091,BO
165,3,0.215909090909091,HE
165,3,0.0227272727272727,LE
165,3,0.681818181818182,NO
165,3,0.0795454545454545,BO
166,3,0.0340909090909091,HE
166,3,0.0909090909090909,LE
166,3,0.829545454545455,NO
166,3,0.0454545454545455,BO
167,3,0.0795454545454545,HE
167,3,0.125,LE
167,3,0.738636363636364,NO
167,3,0.0568181818181818,BO
168,3,0.125,HE
168,3,0.0340909090909091,LE
168,3,0.772727272727273,NO
168,3,0.0681818181818182,BO
169,3,0.227272727272727,HE
169,3,0.0113636363636364,LE
169,3,0.693181818181818,NO
169,3,0.0681818181818182,BO
170,3,0.136363636363636,HE
170,3,0.0795454545454545,LE
170,3,0.738636363636364,NO
170,3,0.0454545454545455,BO
171,3,0.352272727272727,HE
171,3,0.0681818181818182,LE
171,3,0.556818181818182,NO
171,3,0.0227272727272727,BO
172,3,0.238636363636364,HE
172,3,0,LE
172,3,0.75,NO
172,3,0.0113636363636364,BO
173,3,0.125,HE
173,3,0.0454545454545455,LE
173,3,0.795454545454545,NO
173,3,0.0340909090909091,BO
174,3,0.0227272727272727,HE
174,3,0.0227272727272727,LE
174,3,0.863636363636364,NO
174,3,0.0909090909090909,BO
175,3,0.215909090909091,HE
175,3,0.0454545454545455,LE
175,3,0.727272727272727,NO
175,3,0.0113636363636364,BO
176,3,0.295454545454545,HE
176,3,0,LE
176,3,0.704545454545455,NO
176,3,0,BO
177,3,0.0909090909090909,HE
177,3,0.102272727272727,LE
177,3,0.784090909090909,NO
177,3,0.0227272727272727,BO
178,3,0.136363636363636,HE
178,3,0,LE
178,3,0.863636363636364,NO
178,3,0,BO
179,3,0.261363636363636,HE
179,3,0.0909090909090909,LE
179,3,0.477272727272727,NO
179,3,0.170454545454545,BO
180,3,0.170454545454545,HE
180,3,0.0113636363636364,LE
180,3,0.806818181818182,NO
180,3,0.0113636363636364,BO
181,3,0.0454545454545455,HE
181,3,0.147727272727273,LE
181,3,0.784090909090909,NO
181,3,0.0227272727272727,BO
182,3,0.0454545454545455,HE
182,3,0.0795454545454545,LE
182,3,0.795454545454545,NO
182,3,0.0795454545454545,BO
183,3,0.227272727272727,HE
183,3,0,LE
183,3,0.772727272727273,NO
183,3,0,BO
184,3,0.113636363636364,HE
184,3,0.113636363636364,LE
184,3,0.75,NO
184,3,0.0227272727272727,BO
185,3,0.147727272727273,HE
185,3,0.0568181818181818,LE
185,3,0.75,NO
185,3,0.0454545454545455,BO
186,3,0.136363636363636,HE
186,3,0.0340909090909091,LE
186,3,0.806818181818182,NO
186,3,0.0227272727272727,BO
187,3,0.159090909090909,HE
187,3,0,LE
187,3,0.840909090909091,NO
187,3,0,BO
188,3,0.102272727272727,HE
188,3,0.0340909090909091,LE
188,3,0.761363636363636,NO
188,3,0.102272727272727,BO
189,3,0.113636363636364,HE
189,3,0.0454545454545455,LE
189,3,0.659090909090909,NO
189,3,0.181818181818182,BO
190,3,0.227272727272727,HE
190,3,0.102272727272727,LE
190,3,0.659090909090909,NO
190,3,0.0113636363636364,BO
191,3,0.193181818181818,HE
191,3,0.0113636363636364,LE
191,3,0.761363636363636,NO
191,3,0.0340909090909091,BO
192,3,0.181818181818182,HE
192,3,0.125,LE
192,3,0.659090909090909,NO
192,3,0.0340909090909091,BO
193,3,0.0909090909090909,HE
193,3,0.159090909090909,LE
193,3,0.727272727272727,NO
193,3,0.0227272727272727,BO
194,3,0.147727272727273,HE
194,3,0.0909090909090909,LE
194,3,0.670454545454545,NO
194,3,0.0909090909090909,BO
195,3,0.227272727272727,HE
195,3,0,LE
195,3,0.772727272727273,NO
195,3,0,BO
196,3,0.0113636363636364,HE
196,3,0.159090909090909,LE
196,3,0.704545454545455,NO
196,3,0.125,BO
197,3,0.136363636363636,HE
197,3,0.113636363636364,LE
197,3,0.704545454545455,NO
197,3,0.0454545454545455,BO
198,3,0.193181818181818,HE
198,3,0.0568181818181818,LE
198,3,0.727272727272727,NO
198,3,0.0227272727272727,BO
199,3,0.0909090909090909,HE
199,3,0.170454545454545,LE
199,3,0.659090909090909,NO
199,3,0.0795454545454545,BO
200,3,0.193181818181818,HE
200,3,0.0340909090909091,LE
200,3,0.727272727272727,NO
200,3,0.0454545454545455,BO
201,3,0.159090909090909,HE
201,3,0.136363636363636,LE
201,3,0.693181818181818,NO
201,3,0.0113636363636364,BO
202,3,0.113636363636364,HE
202,3,0.159090909090909,LE
202,3,0.568181818181818,NO
202,3,0.159090909090909,BO
203,3,0.204545454545455,HE
203,3,0.0340909090909091,LE
203,3,0.613636363636364,NO
203,3,0.147727272727273,BO
204,3,0.102272727272727,HE
204,3,0.0568181818181818,LE
204,3,0.75,NO
204,3,0.0909090909090909,BO
205,3,0.0568181818181818,HE
205,3,0.147727272727273,LE
205,3,0.738636363636364,NO
205,3,0.0568181818181818,BO
206,3,0.102272727272727,HE
206,3,0.147727272727273,LE
206,3,0.647727272727273,NO
206,3,0.102272727272727,BO
207,3,0.352272727272727,HE
207,3,0.0454545454545455,LE
207,3,0.534090909090909,NO
207,3,0.0681818181818182,BO
208,3,0.113636363636364,HE
208,3,0.113636363636364,LE
208,3,0.772727272727273,NO
208,3,0,BO
209,3,0.136363636363636,HE
209,3,0.0113636363636364,LE
209,3,0.852272727272727,NO
209,3,0,BO
210,3,0.0681818181818182,HE
210,3,0.159090909090909,LE
210,3,0.738636363636364,NO
210,3,0.0340909090909091,BO
211,3,0.227272727272727,HE
211,3,0.0454545454545455,LE
211,3,0.579545454545455,NO
211,3,0.147727272727273,BO
212,3,0.136363636363636,HE
212,3,0.0681818181818182,LE
212,3,0.75,NO
212,3,0.0454545454545455,BO
213,3,0.181818181818182,HE
213,3,0.0454545454545455,LE
213,3,0.715909090909091,NO
213,3,0.0568181818181818,BO
214,3,0.181818181818182,HE
214,3,0.0340909090909091,LE
214,3,0.727272727272727,NO
214,3,0.0568181818181818,BO
215,3,0.102272727272727,HE
215,3,0.102272727272727,LE
215,3,0.784090909090909,NO
215,3,0.0113636363636364,BO
216,3,0.181818181818182,HE
216,3,0.0454545454545455,LE
216,3,0.693181818181818,NO
216,3,0.0795454545454545,BO
217,3,0.0340909090909091,HE
217,3,0,LE
217,3,0.920454545454545,NO
217,3,0.0454545454545455,BO
218,3,0.0568181818181818,HE
218,3,0.0113636363636364,LE
218,3,0.636363636363636,NO
218,3,0.295454545454545,BO
219,3,0.125,HE
219,3,0.0909090909090909,LE
219,3,0.727272727272727,NO
219,3,0.0568181818181818,BO
220,3,0.159090909090909,HE
220,3,0.0681818181818182,LE
220,3,0.715909090909091,NO
220,3,0.0568181818181818,BO
221,3,0.25,HE
221,3,0.0568181818181818,LE
221,3,0.647727272727273,NO
221,3,0.0454545454545455,BO
222,3,0.147727272727273,HE
222,3,0.0568181818181818,LE
222,3,0.784090909090909,NO
222,3,0.0113636363636364,BO
223,3,0.0681818181818182,HE
223,3,0.170454545454545,LE
223,3,0.715909090909091,NO
223,3,0.0454545454545455,BO
224,3,0.215909090909091,HE
224,3,0.0340909090909091,LE
224,3,0.75,NO
224,3,0,BO
225,3,0.102272727272727,HE
225,3,0.0909090909090909,LE
225,3,0.681818181818182,NO
225,3,0.125,BO
226,3,0.193181818181818,HE
226,3,0.0681818181818182,LE
226,3,0.704545454545455,NO
226,3,0.0340909090909091,BO
227,3,0.204545454545455,HE
227,3,0.193181818181818,LE
227,3,0.556818181818182,NO
227,3,0.0454545454545455,BO
228,3,0.102272727272727,HE
228,3,0.147727272727273,LE
228,3,0.636363636363636,NO
228,3,0.113636363636364,BO
229,3,0.0113636363636364,HE
229,3,0.193181818181818,LE
229,3,0.784090909090909,NO
229,3,0.0113636363636364,BO
230,3,0.0568181818181818,HE
230,3,0.113636363636364,LE
230,3,0.681818181818182,NO
230,3,0.147727272727273,BO
231,4,0.0227272727272727,HE
231,4,0.159090909090909,LE
231,4,0.772727272727273,NO
231,4,0.0454545454545455,BO
232,4,0.113636363636364,HE
232,4,0.181818181818182,LE
232,4,0.704545454545455,NO
232,4,0,BO
233,4,0.181818181818182,HE
233,4,0.113636363636364,LE
233,4,0.659090909090909,NO
233,4,0.0454545454545455,BO
234,4,0.227272727272727,HE
234,4,0.0227272727272727,LE
234,4,0.704545454545455,NO
234,4,0.0454545454545455,BO
235,4,0.159090909090909,HE
235,4,0.0454545454545455,LE
235,4,0.727272727272727,NO
235,4,0.0681818181818182,BO
236,4,0.113636363636364,HE
236,4,0.113636363636364,LE
236,4,0.613636363636364,NO
236,4,0.159090909090909,BO
237,4,0.272727272727273,HE
237,4,0,LE
237,4,0.704545454545455,NO
237,4,0.0227272727272727,BO
238,4,0.318181818181818,HE
238,4,0,LE
238,4,0.681818181818182,NO
238,4,0,BO
239,4,0.25,HE
239,4,0.0227272727272727,LE
239,4,0.704545454545455,NO
239,4,0.0227272727272727,BO
240,4,0.204545454545455,HE
240,4,0.113636363636364,LE
240,4,0.681818181818182,NO
240,4,0,BO
241,4,0.136363636363636,HE
241,4,0.0227272727272727,LE
241,4,0.795454545454545,NO
241,4,0.0454545454545455,BO
242,4,0.0681818181818182,HE
242,4,0.113636363636364,LE
242,4,0.636363636363636,NO
242,4,0.181818181818182,BO
243,4,0.227272727272727,HE
243,4,0,LE
243,4,0.772727272727273,NO
243,4,0,BO
244,4,0.0227272727272727,HE
244,4,0.227272727272727,LE
244,4,0.75,NO
244,4,0,BO
245,4,0.227272727272727,HE
245,4,0,LE
245,4,0.772727272727273,NO
245,4,0,BO
246,4,0.159090909090909,HE
246,4,0.0227272727272727,LE
246,4,0.75,NO
246,4,0.0681818181818182,BO
247,4,0.0227272727272727,HE
247,4,0.181818181818182,LE
247,4,0.704545454545455,NO
247,4,0.0909090909090909,BO
248,4,0.0909090909090909,HE
248,4,0.159090909090909,LE
248,4,0.75,NO
248,4,0,BO
249,4,0,HE
249,4,0.113636363636364,LE
249,4,0.727272727272727,NO
249,4,0.159090909090909,BO
250,4,0.159090909090909,HE
250,4,0.0227272727272727,LE
250,4,0.795454545454545,NO
250,4,0.0227272727272727,BO
251,4,0.181818181818182,HE
251,4,0.0227272727272727,LE
251,4,0.727272727272727,NO
251,4,0.0681818181818182,BO
252,4,0.0227272727272727,HE
252,4,0.136363636363636,LE
252,4,0.772727272727273,NO
252,4,0.0681818181818182,BO
253,4,0.318181818181818,HE
253,4,0,LE
253,4,0.681818181818182,NO
253,4,0,BO
254,4,0.0227272727272727,HE
254,4,0.204545454545455,LE
254,4,0.659090909090909,NO
254,4,0.113636363636364,BO
255,4,0.181818181818182,HE
255,4,0.0227272727272727,LE
255,4,0.795454545454545,NO
255,4,0,BO
256,4,0.25,HE
256,4,0,LE
256,4,0.727272727272727,NO
256,4,0.0227272727272727,BO
257,4,0.159090909090909,HE
257,4,0.0681818181818182,LE
257,4,0.727272727272727,NO
257,4,0.0454545454545455,BO
258,4,0.181818181818182,HE
258,4,0.0454545454545455,LE
258,4,0.704545454545455,NO
258,4,0.0681818181818182,BO
259,4,0,HE
259,4,0.227272727272727,LE
259,4,0.772727272727273,NO
259,4,0,BO
260,4,0.204545454545455,HE
260,4,0.0227272727272727,LE
260,4,0.75,NO
260,4,0.0227272727272727,BO
261,4,0.0681818181818182,HE
261,4,0.204545454545455,LE
261,4,0.659090909090909,NO
261,4,0.0681818181818182,BO
262,4,0.136363636363636,HE
262,4,0.0454545454545455,LE
262,4,0.795454545454545,NO
262,4,0.0227272727272727,BO
263,4,0.0681818181818182,HE
263,4,0,LE
263,4,0.931818181818182,NO
263,4,0,BO
264,4,0.113636363636364,HE
264,4,0.0454545454545455,LE
264,4,0.818181818181818,NO
264,4,0.0227272727272727,BO
265,4,0.0454545454545455,HE
265,4,0.181818181818182,LE
265,4,0.727272727272727,NO
265,4,0.0454545454545455,BO
266,4,0.181818181818182,HE
266,4,0.0454545454545455,LE
266,4,0.727272727272727,NO
266,4,0.0454545454545455,BO
267,4,0.181818181818182,HE
267,4,0.113636363636364,LE
267,4,0.659090909090909,NO
267,4,0.0454545454545455,BO
268,4,0,HE
268,4,0.113636363636364,LE
268,4,0.818181818181818,NO
268,4,0.0681818181818182,BO
269,4,0.0227272727272727,HE
269,4,0.159090909090909,LE
269,4,0.704545454545455,NO
269,4,0.113636363636364,BO
270,4,0.113636363636364,HE
270,4,0.0909090909090909,LE
270,4,0.613636363636364,NO
270,4,0.181818181818182,BO
271,4,0.227272727272727,HE
271,4,0.0454545454545455,LE
271,4,0.681818181818182,NO
271,4,0.0454545454545455,BO
272,4,0.181818181818182,HE
272,4,0.0681818181818182,LE
272,4,0.636363636363636,NO
272,4,0.113636363636364,BO
273,4,0.159090909090909,HE
273,4,0.0681818181818182,LE
273,4,0.772727272727273,NO
273,4,0,BO
274,4,0.25,HE
274,4,0,LE
274,4,0.75,NO
274,4,0,BO
275,4,0.0227272727272727,HE
275,4,0.136363636363636,LE
275,4,0.727272727272727,NO
275,4,0.113636363636364,BO
276,4,0.0454545454545455,HE
276,4,0.0681818181818182,LE
276,4,0.863636363636364,NO
276,4,0.0227272727272727,BO
277,4,0.181818181818182,HE
277,4,0.0227272727272727,LE
277,4,0.772727272727273,NO
277,4,0.0227272727272727,BO
278,4,0.227272727272727,HE
278,4,0.0227272727272727,LE
278,4,0.727272727272727,NO
278,4,0.0227272727272727,BO
279,4,0.159090909090909,HE
279,4,0,LE
279,4,0.818181818181818,NO
279,4,0.0227272727272727,BO
280,4,0.159090909090909,HE
280,4,0.0681818181818182,LE
280,4,0.75,NO
280,4,0.0227272727272727,BO
281,4,0.25,HE
281,4,0,LE
281,4,0.75,NO
281,4,0,BO
282,4,0.159090909090909,HE
282,4,0.0909090909090909,LE
282,4,0.75,NO
282,4,0,BO
283,4,0.0909090909090909,HE
283,4,0.113636363636364,LE
283,4,0.772727272727273,NO
283,4,0.0227272727272727,BO
284,4,0,HE
284,4,0.227272727272727,LE
284,4,0.568181818181818,NO
284,4,0.204545454545455,BO
285,4,0.204545454545455,HE
285,4,0,LE
285,4,0.795454545454545,NO
285,4,0,BO
286,4,0.204545454545455,HE
286,4,0.0681818181818182,LE
286,4,0.727272727272727,NO
286,4,0,BO
287,4,0.113636363636364,HE
287,4,0.0681818181818182,LE
287,4,0.409090909090909,NO
287,4,0.409090909090909,BO
288,4,0,HE
288,4,0.181818181818182,LE
288,4,0.75,NO
288,4,0.0681818181818182,BO
289,4,0.0681818181818182,HE
289,4,0.181818181818182,LE
289,4,0.75,NO
289,4,0,BO
290,4,0.159090909090909,HE
290,4,0,LE
290,4,0.75,NO
290,4,0.0909090909090909,BO
291,4,0.0227272727272727,HE
291,4,0.204545454545455,LE
291,4,0.727272727272727,NO
291,4,0.0454545454545455,BO
292,4,0.136363636363636,HE
292,4,0.0681818181818182,LE
292,4,0.75,NO
292,4,0.0454545454545455,BO
293,4,0,HE
293,4,0.227272727272727,LE
293,4,0.75,NO
293,4,0.0227272727272727,BO
294,4,0.0681818181818182,HE
294,4,0.181818181818182,LE
294,4,0.704545454545455,NO
294,4,0.0454545454545455,BO
295,4,0.181818181818182,HE
295,4,0,LE
295,4,0.818181818181818,NO
295,4,0,BO
296,4,0.0454545454545455,HE
296,4,0,LE
296,4,0.954545454545455,NO
296,4,0,BO
297,4,0.159090909090909,HE
297,4,0.0909090909090909,LE
297,4,0.704545454545455,NO
297,4,0.0454545454545455,BO
298,4,0.0681818181818182,HE
298,4,0.181818181818182,LE
298,4,0.636363636363636,NO
298,4,0.113636363636364,BO
299,4,0.113636363636364,HE
299,4,0.0681818181818182,LE
299,4,0.795454545454545,NO
299,4,0.0227272727272727,BO
300,4,0.25,HE
300,4,0,LE
300,4,0.75,NO
300,4,0,BO
301,4,0.272727272727273,HE
301,4,0,LE
301,4,0.727272727272727,NO
301,4,0,BO
302,4,0.227272727272727,HE
302,4,0,LE
302,4,0.75,NO
302,4,0.0227272727272727,BO
303,4,0.386363636363636,HE
303,4,0,LE
303,4,0.613636363636364,NO
303,4,0,BO
304,4,0.0909090909090909,HE
304,4,0.113636363636364,LE
304,4,0.795454545454545,NO
304,4,0,BO
305,4,0.136363636363636,HE
305,4,0.0454545454545455,LE
305,4,0.772727272727273,NO
305,4,0.0454545454545455,BO
306,4,0.25,HE
306,4,0.0227272727272727,LE
306,4,0.727272727272727,NO
306,4,0,BO
307,4,0.0454545454545455,HE
307,4,0.181818181818182,LE
307,4,0.75,NO
307,4,0.0227272727272727,BO
308,4,0.204545454545455,HE
308,4,0.0681818181818182,LE
308,4,0.727272727272727,NO
308,4,0,BO
309,4,0.386363636363636,HE
309,4,0,LE
309,4,0.613636363636364,NO
309,4,0,BO
310,4,0.113636363636364,HE
310,4,0.0227272727272727,LE
310,4,0.772727272727273,NO
310,4,0.0909090909090909,BO
311,4,0.159090909090909,HE
311,4,0.0681818181818182,LE
311,4,0.727272727272727,NO
311,4,0.0454545454545455,BO
312,4,0.0454545454545455,HE
312,4,0.181818181818182,LE
312,4,0.681818181818182,NO
312,4,0.0909090909090909,BO
313,4,0.0681818181818182,HE
313,4,0.0681818181818182,LE
313,4,0.818181818181818,NO
313,4,0.0454545454545455,BO
314,4,0.0681818181818182,HE
314,4,0.0227272727272727,LE
314,4,0.840909090909091,NO
314,4,0.0681818181818182,BO
315,4,0.136363636363636,HE
315,4,0.0227272727272727,LE
315,4,0.818181818181818,NO
315,4,0.0227272727272727,BO
316,4,0.0227272727272727,HE
316,4,0.0909090909090909,LE
316,4,0.795454545454545,NO
316,4,0.0909090909090909,BO
317,4,0.0454545454545455,HE
317,4,0.113636363636364,LE
317,4,0.795454545454545,NO
317,4,0.0454545454545455,BO
318,4,0.0454545454545455,HE
318,4,0,LE
318,4,0.886363636363636,NO
318,4,0.0681818181818182,BO
319,5,0.215909090909091,HE
319,5,0.0795454545454545,LE
319,5,0.625,NO
319,5,0.0795454545454545,BO
320,5,0.0340909090909091,HE
320,5,0.215909090909091,LE
320,5,0.636363636363636,NO
320,5,0.113636363636364,BO
321,5,0.170454545454545,HE
321,5,0.0227272727272727,LE
321,5,0.795454545454545,NO
321,5,0.0113636363636364,BO
322,5,0.0227272727272727,HE
322,5,0.0795454545454545,LE
322,5,0.818181818181818,NO
322,5,0.0795454545454545,BO
323,5,0.0340909090909091,HE
323,5,0.204545454545455,LE
323,5,0.761363636363636,NO
323,5,0,BO
324,5,0.125,HE
324,5,0.0681818181818182,LE
324,5,0.738636363636364,NO
324,5,0.0681818181818182,BO
325,5,0.113636363636364,HE
325,5,0.0340909090909091,LE
325,5,0.829545454545455,NO
325,5,0.0227272727272727,BO
326,5,0.136363636363636,HE
326,5,0.0340909090909091,LE
326,5,0.75,NO
326,5,0.0795454545454545,BO
327,5,0.0795454545454545,HE
327,5,0.0113636363636364,LE
327,5,0.909090909090909,NO
327,5,0,BO
328,5,0.136363636363636,HE
328,5,0.0227272727272727,LE
328,5,0.784090909090909,NO
328,5,0.0568181818181818,BO
329,5,0.102272727272727,HE
329,5,0.0795454545454545,LE
329,5,0.806818181818182,NO
329,5,0.0113636363636364,BO
330,5,0.102272727272727,HE
330,5,0.181818181818182,LE
330,5,0.693181818181818,NO
330,5,0.0227272727272727,BO
331,5,0.181818181818182,HE
331,5,0.0454545454545455,LE
331,5,0.715909090909091,NO
331,5,0.0568181818181818,BO
332,5,0.0909090909090909,HE
332,5,0.0795454545454545,LE
332,5,0.784090909090909,NO
332,5,0.0454545454545455,BO
333,5,0.261363636363636,HE
333,5,0.0454545454545455,LE
333,5,0.681818181818182,NO
333,5,0.0113636363636364,BO
334,5,0.147727272727273,HE
334,5,0.0681818181818182,LE
334,5,0.75,NO
334,5,0.0340909090909091,BO
335,5,0.136363636363636,HE
335,5,0.0340909090909091,LE
335,5,0.795454545454545,NO
335,5,0.0340909090909091,BO
336,5,0.0795454545454545,HE
336,5,0.125,LE
336,5,0.386363636363636,NO
336,5,0.409090909090909,BO
337,5,0.340909090909091,HE
337,5,0.0113636363636364,LE
337,5,0.579545454545455,NO
337,5,0.0681818181818182,BO
338,5,0.181818181818182,HE
338,5,0.0454545454545455,LE
338,5,0.75,NO
338,5,0.0227272727272727,BO
339,5,0.193181818181818,HE
339,5,0.0681818181818182,LE
339,5,0.681818181818182,NO
339,5,0.0568181818181818,BO
340,5,0.170454545454545,HE
340,5,0.0795454545454545,LE
340,5,0.659090909090909,NO
340,5,0.0909090909090909,BO
341,5,0.136363636363636,HE
341,5,0.0340909090909091,LE
341,5,0.75,NO
341,5,0.0795454545454545,BO
342,5,0.0795454545454545,HE
342,5,0.0795454545454545,LE
342,5,0.761363636363636,NO
342,5,0.0795454545454545,BO
343,5,0.0909090909090909,HE
343,5,0.159090909090909,LE
343,5,0.659090909090909,NO
343,5,0.0909090909090909,BO
344,5,0.215909090909091,HE
344,5,0.0454545454545455,LE
344,5,0.693181818181818,NO
344,5,0.0454545454545455,BO
345,5,0.0113636363636364,HE
345,5,0.193181818181818,LE
345,5,0.636363636363636,NO
345,5,0.159090909090909,BO
346,5,0.0340909090909091,HE
346,5,0.0340909090909091,LE
346,5,0.738636363636364,NO
346,5,0.193181818181818,BO
347,5,0.159090909090909,HE
347,5,0.0568181818181818,LE
347,5,0.738636363636364,NO
347,5,0.0454545454545455,BO
348,5,0.170454545454545,HE
348,5,0.0227272727272727,LE
348,5,0.784090909090909,NO
348,5,0.0227272727272727,BO
349,5,0.193181818181818,HE
349,5,0.0454545454545455,LE
349,5,0.715909090909091,NO
349,5,0.0454545454545455,BO
350,5,0.0227272727272727,HE
350,5,0.181818181818182,LE
350,5,0.772727272727273,NO
350,5,0.0227272727272727,BO
351,5,0.0909090909090909,HE
351,5,0.102272727272727,LE
351,5,0.772727272727273,NO
351,5,0.0340909090909091,BO
352,5,0.284090909090909,HE
352,5,0.0227272727272727,LE
352,5,0.647727272727273,NO
352,5,0.0454545454545455,BO
353,5,0.261363636363636,HE
353,5,0.0113636363636364,LE
353,5,0.727272727272727,NO
353,5,0,BO
354,5,0.181818181818182,HE
354,5,0.0340909090909091,LE
354,5,0.772727272727273,NO
354,5,0.0113636363636364,BO
355,5,0.306818181818182,HE
355,5,0,LE
355,5,0.693181818181818,NO
355,5,0,BO
356,5,0.420454545454545,HE
356,5,0,LE
356,5,0.545454545454545,NO
356,5,0.0340909090909091,BO
357,5,0.136363636363636,HE
357,5,0.0340909090909091,LE
357,5,0.795454545454545,NO
357,5,0.0340909090909091,BO
358,5,0.125,HE
358,5,0.0795454545454545,LE
358,5,0.727272727272727,NO
358,5,0.0681818181818182,BO
359,5,0.0909090909090909,HE
359,5,0.147727272727273,LE
359,5,0.670454545454545,NO
359,5,0.0909090909090909,BO
360,5,0.125,HE
360,5,0.0909090909090909,LE
360,5,0.625,NO
360,5,0.159090909090909,BO
361,5,0.261363636363636,HE
361,5,0.0113636363636364,LE
361,5,0.704545454545455,NO
361,5,0.0227272727272727,BO
362,5,0.181818181818182,HE
362,5,0.0340909090909091,LE
362,5,0.75,NO
362,5,0.0340909090909091,BO
363,5,0.0795454545454545,HE
363,5,0.113636363636364,LE
363,5,0.681818181818182,NO
363,5,0.125,BO
364,5,0.113636363636364,HE
364,5,0.0795454545454545,LE
364,5,0.636363636363636,NO
364,5,0.170454545454545,BO
365,5,0.204545454545455,HE
365,5,0.0568181818181818,LE
365,5,0.704545454545455,NO
365,5,0.0340909090909091,BO
366,5,0.204545454545455,HE
366,5,0.0681818181818182,LE
366,5,0.704545454545455,NO
366,5,0.0227272727272727,BO
367,5,0.159090909090909,HE
367,5,0.0795454545454545,LE
367,5,0.659090909090909,NO
367,5,0.102272727272727,BO
368,5,0.102272727272727,HE
368,5,0.0909090909090909,LE
368,5,0.715909090909091,NO
368,5,0.0909090909090909,BO
369,5,0.306818181818182,HE
369,5,0.0454545454545455,LE
369,5,0.613636363636364,NO
369,5,0.0340909090909091,BO
370,5,0.193181818181818,HE
370,5,0.0454545454545455,LE
370,5,0.738636363636364,NO
370,5,0.0227272727272727,BO
371,5,0.125,HE
371,5,0.102272727272727,LE
371,5,0.647727272727273,NO
371,5,0.125,BO
372,5,0.193181818181818,HE
372,5,0,LE
372,5,0.806818181818182,NO
372,5,0,BO
373,5,0.147727272727273,HE
373,5,0.113636363636364,LE
373,5,0.704545454545455,NO
373,5,0.0340909090909091,BO
374,5,0.0340909090909091,HE
374,5,0.170454545454545,LE
374,5,0.704545454545455,NO
374,5,0.0909090909090909,BO
375,5,0.136363636363636,HE
375,5,0.0681818181818182,LE
375,5,0.784090909090909,NO
375,5,0.0113636363636364,BO
376,5,0.0227272727272727,HE
376,5,0.159090909090909,LE
376,5,0.727272727272727,NO
376,5,0.0909090909090909,BO
377,5,0.136363636363636,HE
377,5,0.113636363636364,LE
377,5,0.647727272727273,NO
377,5,0.102272727272727,BO
378,5,0.159090909090909,HE
378,5,0.102272727272727,LE
378,5,0.681818181818182,NO
378,5,0.0568181818181818,BO
379,5,0.159090909090909,HE
379,5,0.0113636363636364,LE
379,5,0.738636363636364,NO
379,5,0.0909090909090909,BO
380,5,0.102272727272727,HE
380,5,0.0681818181818182,LE
380,5,0.602272727272727,NO
380,5,0.227272727272727,BO
381,5,0.159090909090909,HE
381,5,0.0909090909090909,LE
381,5,0.738636363636364,NO
381,5,0.0113636363636364,BO
382,5,0.193181818181818,HE
382,5,0.0227272727272727,LE
382,5,0.738636363636364,NO
382,5,0.0454545454545455,BO
383,5,0.0795454545454545,HE
383,5,0.0909090909090909,LE
383,5,0.75,NO
383,5,0.0795454545454545,BO
384,5,0.159090909090909,HE
384,5,0.0454545454545455,LE
384,5,0.761363636363636,NO
384,5,0.0340909090909091,BO
385,5,0.147727272727273,HE
385,5,0.0795454545454545,LE
385,5,0.659090909090909,NO
385,5,0.113636363636364,BO
386,5,0.0113636363636364,HE
386,5,0.170454545454545,LE
386,5,0.772727272727273,NO
386,5,0.0454545454545455,BO
387,5,0.193181818181818,HE
387,5,0,LE
387,5,0.806818181818182,NO
387,5,0,BO
388,5,0.0681818181818182,HE
388,5,0.170454545454545,LE
388,5,0.727272727272727,NO
388,5,0.0340909090909091,BO
389,5,0.0454545454545455,HE
389,5,0.181818181818182,LE
389,5,0.75,NO
389,5,0.0227272727272727,BO
390,6,0.107954545454545,HE
390,6,0.130681818181818,LE
390,6,0.727272727272727,NO
390,6,0.0340909090909091,BO
391,6,0.198863636363636,HE
391,6,0.0454545454545455,LE
391,6,0.698863636363636,NO
391,6,0.0568181818181818,BO
392,6,0.170454545454545,HE
392,6,0.0909090909090909,LE
392,6,0.698863636363636,NO
392,6,0.0397727272727273,BO
393,6,0.147727272727273,HE
393,6,0.0965909090909091,LE
393,6,0.738636363636364,NO
393,6,0.0170454545454545,BO
394,6,0.193181818181818,HE
394,6,0.0397727272727273,LE
394,6,0.704545454545455,NO
394,6,0.0625,BO
395,6,0.0852272727272727,HE
395,6,0.210227272727273,LE
395,6,0.664772727272727,NO
395,6,0.0397727272727273,BO
396,6,0.159090909090909,HE
396,6,0.0909090909090909,LE
396,6,0.710227272727273,NO
396,6,0.0397727272727273,BO
397,6,0.0965909090909091,HE
397,6,0.0738636363636364,LE
397,6,0.755681818181818,NO
397,6,0.0738636363636364,BO
398,6,0.125,HE
398,6,0.0909090909090909,LE
398,6,0.721590909090909,NO
398,6,0.0625,BO
399,6,0.0795454545454545,HE
399,6,0.119318181818182,LE
399,6,0.761363636363636,NO
399,6,0.0397727272727273,BO
400,6,0.102272727272727,HE
400,6,0.0965909090909091,LE
400,6,0.579545454545455,NO
400,6,0.221590909090909,BO
401,6,0.164772727272727,HE
401,6,0.113636363636364,LE
401,6,0.670454545454545,NO
401,6,0.0511363636363636,BO
402,6,0.0909090909090909,HE
402,6,0.0454545454545455,LE
402,6,0.784090909090909,NO
402,6,0.0795454545454545,BO
403,6,0.153409090909091,HE
403,6,0.0909090909090909,LE
403,6,0.715909090909091,NO
403,6,0.0397727272727273,BO
404,6,0.221590909090909,HE
404,6,0.0397727272727273,LE
404,6,0.693181818181818,NO
404,6,0.0454545454545455,BO
405,6,0.00568181818181818,HE
405,6,0.215909090909091,LE
405,6,0.744318181818182,NO
405,6,0.0340909090909091,BO
406,6,0.0568181818181818,HE
406,6,0.181818181818182,LE
406,6,0.676136363636364,NO
406,6,0.0852272727272727,BO
407,6,0.0170454545454545,HE
407,6,0.1875,LE
407,6,0.761363636363636,NO
407,6,0.0340909090909091,BO
408,6,0.125,HE
408,6,0.0909090909090909,LE
408,6,0.772727272727273,NO
408,6,0.0113636363636364,BO
409,6,0.176136363636364,HE
409,6,0.0170454545454545,LE
409,6,0.767045454545455,NO
409,6,0.0397727272727273,BO
410,6,0.0625,HE
410,6,0.193181818181818,LE
410,6,0.710227272727273,NO
410,6,0.0340909090909091,BO
411,6,0.164772727272727,HE
411,6,0,LE
411,6,0.829545454545455,NO
411,6,0.00568181818181818,BO
412,6,0.25,HE
412,6,0,LE
412,6,0.744318181818182,NO
412,6,0.00568181818181818,BO
413,6,0.102272727272727,HE
413,6,0.142045454545455,LE
413,6,0.710227272727273,NO
413,6,0.0454545454545455,BO
414,6,0.176136363636364,HE
414,6,0.0852272727272727,LE
414,6,0.653409090909091,NO
414,6,0.0852272727272727,BO
415,6,0.153409090909091,HE
415,6,0.0681818181818182,LE
415,6,0.738636363636364,NO
415,6,0.0397727272727273,BO
416,6,0.0965909090909091,HE
416,6,0.0795454545454545,LE
416,6,0.767045454545455,NO
416,6,0.0568181818181818,BO
417,6,0.193181818181818,HE
417,6,0.0568181818181818,LE
417,6,0.6875,NO
417,6,0.0625,BO
418,6,0.125,HE
418,6,0.0681818181818182,LE
418,6,0.789772727272727,NO
418,6,0.0170454545454545,BO
419,6,0.0738636363636364,HE
419,6,0.125,LE
419,6,0.772727272727273,NO
419,6,0.0284090909090909,BO
420,6,0.0625,HE
420,6,0.142045454545455,LE
420,6,0.755681818181818,NO
420,6,0.0397727272727273,BO
421,6,0.113636363636364,HE
421,6,0.0340909090909091,LE
421,6,0.806818181818182,NO
421,6,0.0454545454545455,BO
422,6,0.147727272727273,HE
422,6,0.147727272727273,LE
422,6,0.698863636363636,NO
422,6,0.00568181818181818,BO
423,6,0.0909090909090909,HE
423,6,0.107954545454545,LE
423,6,0.767045454545455,NO
423,6,0.0340909090909091,BO
424,6,0.142045454545455,HE
424,6,0.107954545454545,LE
424,6,0.732954545454545,NO
424,6,0.0170454545454545,BO
425,6,0.193181818181818,HE
425,6,0.0852272727272727,LE
425,6,0.710227272727273,NO
425,6,0.0113636363636364,BO
426,6,0.238636363636364,HE
426,6,0.00568181818181818,LE
426,6,0.755681818181818,NO
426,6,0,BO
427,6,0.159090909090909,HE
427,6,0.0511363636363636,LE
427,6,0.755681818181818,NO
427,6,0.0340909090909091,BO
428,6,0.0625,HE
428,6,0.113636363636364,LE
428,6,0.801136363636364,NO
428,6,0.0227272727272727,BO
429,6,0.193181818181818,HE
429,6,0.0681818181818182,LE
429,6,0.710227272727273,NO
429,6,0.0284090909090909,BO
430,6,0.1875,HE
430,6,0.0397727272727273,LE
430,6,0.704545454545455,NO
430,6,0.0681818181818182,BO
431,6,0.0909090909090909,HE
431,6,0.130681818181818,LE
431,6,0.630681818181818,NO
431,6,0.147727272727273,BO
432,6,0.0340909090909091,HE
432,6,0.176136363636364,LE
432,6,0.761363636363636,NO
432,6,0.0284090909090909,BO
433,6,0.198863636363636,HE
433,6,0.0568181818181818,LE
433,6,0.704545454545455,NO
433,6,0.0397727272727273,BO
434,6,0.113636363636364,HE
434,6,0.0909090909090909,LE
434,6,0.590909090909091,NO
434,6,0.204545454545455,BO
435,6,0.244318181818182,HE
435,6,0.00568181818181818,LE
435,6,0.727272727272727,NO
435,6,0.0227272727272727,BO
436,6,0.0568181818181818,HE
436,6,0.147727272727273,LE
436,6,0.693181818181818,NO
436,6,0.102272727272727,BO
437,6,0.0965909090909091,HE
437,6,0.170454545454545,LE
437,6,0.647727272727273,NO
437,6,0.0852272727272727,BO
438,6,0.159090909090909,HE
438,6,0.0397727272727273,LE
438,6,0.767045454545455,NO
438,6,0.0340909090909091,BO
439,6,0.0454545454545455,HE
439,6,0.102272727272727,LE
439,6,0.772727272727273,NO
439,6,0.0795454545454545,BO
440,6,0.107954545454545,HE
440,6,0.0625,LE
440,6,0.613636363636364,NO
440,6,0.215909090909091,BO
441,6,0.159090909090909,HE
441,6,0.0965909090909091,LE
441,6,0.704545454545455,NO
441,6,0.0397727272727273,BO
442,6,0.261363636363636,HE
442,6,0.0170454545454545,LE
442,6,0.704545454545455,NO
442,6,0.0170454545454545,BO
443,6,0.3125,HE
443,6,0.0113636363636364,LE
443,6,0.664772727272727,NO
443,6,0.0113636363636364,BO
444,6,0.181818181818182,HE
444,6,0.0340909090909091,LE
444,6,0.75,NO
444,6,0.0340909090909091,BO
445,6,0.164772727272727,HE
445,6,0.0909090909090909,LE
445,6,0.710227272727273,NO
445,6,0.0340909090909091,BO
446,6,0.164772727272727,HE
446,6,0.0625,LE
446,6,0.642045454545455,NO
446,6,0.130681818181818,BO
447,6,0.164772727272727,HE
447,6,0.0397727272727273,LE
447,6,0.704545454545455,NO
447,6,0.0909090909090909,BO
448,6,0.204545454545455,HE
448,6,0.0113636363636364,LE
448,6,0.761363636363636,NO
448,6,0.0227272727272727,BO
449,6,0.215909090909091,HE
449,6,0.0795454545454545,LE
449,6,0.625,NO
449,6,0.0795454545454545,BO
450,6,0.181818181818182,HE
450,6,0.0625,LE
450,6,0.710227272727273,NO
450,6,0.0454545454545455,BO
451,6,0.113636363636364,HE
451,6,0.0795454545454545,LE
451,6,0.75,NO
451,6,0.0568181818181818,BO
452,6,0.0738636363636364,HE
452,6,0.107954545454545,LE
452,6,0.784090909090909,NO
452,6,0.0340909090909091,BO
453,6,0.176136363636364,HE
453,6,0.0681818181818182,LE
453,6,0.727272727272727,NO
453,6,0.0284090909090909,BO
454,6,0.0511363636363636,HE
454,6,0,LE
454,6,0.931818181818182,NO
454,6,0.0170454545454545,BO
455,6,0.113636363636364,HE
455,6,0.102272727272727,LE
455,6,0.590909090909091,NO
455,6,0.193181818181818,BO
456,7,0.3828125,HE
456,7,0.1015625,LE
456,7,0.5,NO
456,7,0.015625,BO
457,7,0.4453125,HE
457,7,0,LE
457,7,0.546875,NO
457,7,0.0078125,BO
458,7,0.421875,HE
458,7,0.0234375,LE
458,7,0.53125,NO
458,7,0.0234375,BO
459,7,0.109375,HE
459,7,0.328125,LE
459,7,0.5078125,NO
459,7,0.0546875,BO
460,7,0.1875,HE
460,7,0.2421875,LE
460,7,0.4609375,NO
460,7,0.109375,BO
461,7,0.2578125,HE
461,7,0.1796875,LE
461,7,0.515625,NO
461,7,0.046875,BO
462,7,0.4296875,HE
462,7,0.0234375,LE
462,7,0.546875,NO
462,7,0,BO
463,7,0.28125,HE
463,7,0.171875,LE
463,7,0.4921875,NO
463,7,0.0546875,BO
464,7,0.203125,HE
464,7,0.2265625,LE
464,7,0.4921875,NO
464,7,0.078125,BO
465,7,0.25,HE
465,7,0.1484375,LE
465,7,0.5703125,NO
465,7,0.03125,BO
466,7,0.265625,HE
466,7,0.1640625,LE
466,7,0.5078125,NO
466,7,0.0625,BO
467,7,0.1171875,HE
467,7,0.3125,LE
467,7,0.46875,NO
467,7,0.1015625,BO
468,7,0.0625,HE
468,7,0.2734375,LE
468,7,0.5546875,NO
468,7,0.109375,BO
469,7,0.2265625,HE
469,7,0.125,LE
469,7,0.5546875,NO
469,7,0.09375,BO
470,7,0.203125,HE
470,7,0.296875,LE
470,7,0.5,NO
470,7,0,BO
471,7,0.1796875,HE
471,7,0.2578125,LE
471,7,0.4921875,NO
471,7,0.0703125,BO
472,7,0.3828125,HE
472,7,0,LE
472,7,0.6171875,NO
472,7,0,BO
473,7,0.1796875,HE
473,7,0.0390625,LE
473,7,0.7109375,NO
473,7,0.0703125,BO
474,7,0.28125,HE
474,7,0.1640625,LE
474,7,0.53125,NO
474,7,0.0234375,BO
475,7,0.234375,HE
475,7,0.203125,LE
475,7,0.515625,NO
475,7,0.046875,BO
476,7,0.078125,HE
476,7,0.3671875,LE
476,7,0.46875,NO
476,7,0.0859375,BO
477,7,0.0390625,HE
477,7,0.453125,LE
477,7,0.5,NO
477,7,0.0078125,BO
478,7,0.1953125,HE
478,7,0.09375,LE
478,7,0.5859375,NO
478,7,0.125,BO
479,7,0.1796875,HE
479,7,0.2734375,LE
479,7,0.5234375,NO
479,7,0.0234375,BO
480,7,0.3203125,HE
480,7,0.1796875,LE
480,7,0.203125,NO
480,7,0.296875,BO
481,7,0.3515625,HE
481,7,0.1484375,LE
481,7,0.4609375,NO
481,7,0.0390625,BO
482,7,0.171875,HE
482,7,0.234375,LE
482,7,0.578125,NO
482,7,0.015625,BO
483,7,0.3984375,HE
483,7,0.015625,LE
483,7,0.546875,NO
483,7,0.0390625,BO
484,7,0.2265625,HE
484,7,0.234375,LE
484,7,0.4765625,NO
484,7,0.0625,BO
485,7,0.453125,HE
485,7,0.046875,LE
485,7,0.46875,NO
485,7,0.03125,BO
486,7,0.3515625,HE
486,7,0.046875,LE
486,7,0.5234375,NO
486,7,0.078125,BO
487,7,0.328125,HE
487,7,0.171875,LE
487,7,0.4609375,NO
487,7,0.0390625,BO
488,7,0.2734375,HE
488,7,0.203125,LE
488,7,0.484375,NO
488,7,0.0390625,BO
489,7,0.3828125,HE
489,7,0.0703125,LE
489,7,0.4375,NO
489,7,0.109375,BO
490,7,0.3828125,HE
490,7,0.09375,LE
490,7,0.5078125,NO
490,7,0.015625,BO
491,7,0.2890625,HE
491,7,0.03125,LE
491,7,0.6640625,NO
491,7,0.015625,BO
492,7,0.3515625,HE
492,7,0.1484375,LE
492,7,0.484375,NO
492,7,0.015625,BO
493,7,0.375,HE
493,7,0.109375,LE
493,7,0.453125,NO
493,7,0.0625,BO
494,7,0.0390625,HE
494,7,0.4609375,LE
494,7,0.5,NO
494,7,0,BO
495,7,0.0390625,HE
495,7,0.4453125,LE
495,7,0.5,NO
495,7,0.015625,BO
496,7,0.46875,HE
496,7,0.015625,LE
496,7,0.5,NO
496,7,0.015625,BO
497,7,0.3515625,HE
497,7,0.1484375,LE
497,7,0.3828125,NO
497,7,0.1171875,BO
498,7,0.4609375,HE
498,7,0.03125,LE
498,7,0.5078125,NO
498,7,0,BO
499,7,0.21875,HE
499,7,0.265625,LE
499,7,0.5,NO
499,7,0.015625,BO
500,7,0.4453125,HE
500,7,0,LE
500,7,0.546875,NO
500,7,0.0078125,BO
501,7,0.1484375,HE
501,7,0.328125,LE
501,7,0.4921875,NO
501,7,0.03125,BO
502,7,0.3203125,HE
502,7,0.09375,LE
502,7,0.546875,NO
502,7,0.0390625,BO
503,7,0.296875,HE
503,7,0.1328125,LE
503,7,0.5390625,NO
503,7,0.03125,BO
504,7,0.4453125,HE
504,7,0.03125,LE
504,7,0.4765625,NO
504,7,0.046875,BO
505,7,0.40625,HE
505,7,0,LE
505,7,0.59375,NO
505,7,0,BO
506,7,0.3359375,HE
506,7,0.140625,LE
506,7,0.5,NO
506,7,0.0234375,BO
507,7,0.1953125,HE
507,7,0.2578125,LE
507,7,0.34375,NO
507,7,0.203125,BO
508,7,0.3671875,HE
508,7,0.1328125,LE
508,7,0.453125,NO
508,7,0.046875,BO
509,7,0.171875,HE
509,7,0.328125,LE
509,7,0.46875,NO
509,7,0.03125,BO
510,7,0.3203125,HE
510,7,0.140625,LE
510,7,0.3359375,NO
510,7,0.203125,BO
511,7,0.1484375,HE
511,7,0.3125,LE
511,7,0.515625,NO
511,7,0.0234375,BO
512,7,0.15625,HE
512,7,0.234375,LE
512,7,0.5625,NO
512,7,0.046875,BO
513,7,0.125,HE
513,7,0.3203125,LE
513,7,0.5546875,NO
513,7,0,BO
514,7,0.4453125,HE
514,7,0.0546875,LE
514,7,0.4765625,NO
514,7,0.0234375,BO
515,7,0.4375,HE
515,7,0.046875,LE
515,7,0.4921875,NO
515,7,0.0234375,BO
516,7,0.234375,HE
516,7,0.2578125,LE
516,7,0.4921875,NO
516,7,0.015625,BO
517,7,0.1796875,HE
517,7,0.171875,LE
517,7,0.59375,NO
517,7,0.0546875,BO
518,7,0.078125,HE
518,7,0.4140625,LE
518,7,0.5,NO
518,7,0.0078125,BO
519,7,0.328125,HE
519,7,0.171875,LE
519,7,0.4140625,NO
519,7,0.0859375,BO
520,7,0.1875,HE
520,7,0.296875,LE
520,7,0.4921875,NO
520,7,0.0234375,BO
521,7,0.4375,HE
521,7,0.046875,LE
521,7,0.484375,NO
521,7,0.03125,BO
522,7,0.3671875,HE
522,7,0.1171875,LE
522,7,0.5,NO
522,7,0.015625,BO
523,7,0.3828125,HE
523,7,0.1015625,LE
523,7,0.40625,NO
523,7,0.109375,BO
524,7,0.421875,HE
524,7,0.0234375,LE
524,7,0.4921875,NO
524,7,0.0625,BO
525,7,0.4296875,HE
525,7,0.015625,LE
525,7,0.5234375,NO
525,7,0.03125,BO
526,7,0.078125,HE
526,7,0.390625,LE
526,7,0.46875,NO
526,7,0.0625,BO
527,8,0.359375,HE
527,8,0.0078125,LE
527,8,0.609375,NO
527,8,0.0234375,BO
528,8,0.203125,HE
528,8,0.0390625,LE
528,8,0.734375,NO
528,8,0.0234375,BO
529,8,0.078125,HE
529,8,0.1484375,LE
529,8,0.703125,NO
529,8,0.0703125,BO
530,8,0.03125,HE
530,8,0.1953125,LE
530,8,0.7265625,NO
530,8,0.046875,BO
531,8,0.109375,HE
531,8,0.0546875,LE
531,8,0.765625,NO
531,8,0.0703125,BO
532,8,0.3046875,HE
532,8,0,LE
532,8,0.65625,NO
532,8,0.0390625,BO
533,8,0.109375,HE
533,8,0.171875,LE
533,8,0.71875,NO
533,8,0,BO
534,8,0.34375,HE
534,8,0.0078125,LE
534,8,0.6484375,NO
534,8,0,BO
535,8,0.1875,HE
535,8,0.0546875,LE
535,8,0.75,NO
535,8,0.0078125,BO
536,8,0.03125,HE
536,8,0.171875,LE
536,8,0.7109375,NO
536,8,0.0859375,BO
537,8,0.140625,HE
537,8,0.0390625,LE
537,8,0.7890625,NO
537,8,0.03125,BO
538,8,0.2109375,HE
538,8,0.0859375,LE
538,8,0.640625,NO
538,8,0.0625,BO
539,8,0.125,HE
539,8,0.125,LE
539,8,0.7109375,NO
539,8,0.0390625,BO
540,8,0.1328125,HE
540,8,0.0859375,LE
540,8,0.7265625,NO
540,8,0.0546875,BO
541,8,0.2578125,HE
541,8,0.0078125,LE
541,8,0.734375,NO
541,8,0,BO
542,8,0.28125,HE
542,8,0.078125,LE
542,8,0.5625,NO
542,8,0.078125,BO
543,8,0.25,HE
543,8,0.03125,LE
543,8,0.71875,NO
543,8,0,BO
544,8,0.2421875,HE
544,8,0.0390625,LE
544,8,0.703125,NO
544,8,0.015625,BO
545,8,0.140625,HE
545,8,0.15625,LE
545,8,0.6171875,NO
545,8,0.0859375,BO
546,8,0.3359375,HE
546,8,0,LE
546,8,0.6640625,NO
546,8,0,BO
547,8,0.1796875,HE
547,8,0.0390625,LE
547,8,0.75,NO
547,8,0.03125,BO
548,8,0.296875,HE
548,8,0.015625,LE
548,8,0.6796875,NO
548,8,0.0078125,BO
549,8,0.1171875,HE
549,8,0.109375,LE
549,8,0.6953125,NO
549,8,0.078125,BO
550,8,0.046875,HE
550,8,0.1875,LE
550,8,0.5859375,NO
550,8,0.1796875,BO
551,8,0.109375,HE
551,8,0.1640625,LE
551,8,0.59375,NO
551,8,0.1328125,BO
552,8,0.21875,HE
552,8,0,LE
552,8,0.78125,NO
552,8,0,BO
553,8,0.1640625,HE
553,8,0.078125,LE
553,8,0.6640625,NO
553,8,0.09375,BO
554,8,0.0546875,HE
554,8,0.15625,LE
554,8,0.7421875,NO
554,8,0.046875,BO
555,8,0.15625,HE
555,8,0.0625,LE
555,8,0.765625,NO
555,8,0.015625,BO
556,8,0.1796875,HE
556,8,0.09375,LE
556,8,0.59375,NO
556,8,0.1328125,BO
557,8,0.25,HE
557,8,0.0234375,LE
557,8,0.7109375,NO
557,8,0.015625,BO
558,8,0.1640625,HE
558,8,0.09375,LE
558,8,0.65625,NO
558,8,0.0859375,BO
559,8,0.21875,HE
559,8,0,LE
559,8,0.7578125,NO
559,8,0.0234375,BO
560,8,0.1484375,HE
560,8,0.09375,LE
560,8,0.7265625,NO
560,8,0.03125,BO
561,8,0.109375,HE
561,8,0.1171875,LE
561,8,0.6875,NO
561,8,0.0859375,BO
562,8,0.2734375,HE
562,8,0.0703125,LE
562,8,0.640625,NO
562,8,0.015625,BO
563,8,0.15625,HE
563,8,0.0703125,LE
563,8,0.7734375,NO
563,8,0,BO
564,8,0.09375,HE
564,8,0.125,LE
564,8,0.765625,NO
564,8,0.015625,BO
565,8,0.140625,HE
565,8,0.09375,LE
565,8,0.6640625,NO
565,8,0.1015625,BO
566,8,0.0546875,HE
566,8,0.21875,LE
566,8,0.6875,NO
566,8,0.0390625,BO
567,8,0.140625,HE
567,8,0.0625,LE
567,8,0.78125,NO
567,8,0.015625,BO
568,8,0.21875,HE
568,8,0.0078125,LE
568,8,0.7421875,NO
568,8,0.03125,BO
569,8,0.171875,HE
569,8,0.0859375,LE
569,8,0.6953125,NO
569,8,0.046875,BO
570,8,0.09375,HE
570,8,0.1484375,LE
570,8,0.703125,NO
570,8,0.0546875,BO
571,8,0.21875,HE
571,8,0.0703125,LE
571,8,0.6484375,NO
571,8,0.0625,BO
572,8,0.28125,HE
572,8,0,LE
572,8,0.7109375,NO
572,8,0.0078125,BO
573,8,0.0546875,HE
573,8,0.203125,LE
573,8,0.5859375,NO
573,8,0.15625,BO
574,8,0.171875,HE
574,8,0.1171875,LE
574,8,0.6171875,NO
574,8,0.09375,BO
575,8,0.2265625,HE
575,8,0,LE
575,8,0.7734375,NO
575,8,0,BO
576,8,0.21875,HE
576,8,0.078125,LE
576,8,0.6640625,NO
576,8,0.0390625,BO
577,8,0.1640625,HE
577,8,0.03125,LE
577,8,0.765625,NO
577,8,0.0390625,BO
578,8,0.2265625,HE
578,8,0.046875,LE
578,8,0.7265625,NO
578,8,0,BO
579,8,0.171875,HE
579,8,0.078125,LE
579,8,0.7109375,NO
579,8,0.0390625,BO
580,8,0.2265625,HE
580,8,0.0078125,LE
580,8,0.7421875,NO
580,8,0.0234375,BO
581,8,0.140625,HE
581,8,0.1484375,LE
581,8,0.6875,NO
581,8,0.0234375,BO
582,8,0.296875,HE
582,8,0.015625,LE
582,8,0.6796875,NO
582,8,0.0078125,BO
583,8,0.203125,HE
583,8,0.0625,LE
583,8,0.7109375,NO
583,8,0.0234375,BO
584,8,0.15625,HE
584,8,0.0390625,LE
584,8,0.6875,NO
584,8,0.1171875,BO
585,8,0.1484375,HE
585,8,0.078125,LE
585,8,0.734375,NO
585,8,0.0390625,BO
586,8,0.1328125,HE
586,8,0.1171875,LE
586,8,0.6640625,NO
586,8,0.0859375,BO
587,8,0.2109375,HE
587,8,0.078125,LE
587,8,0.6171875,NO
587,8,0.09375,BO
588,8,0.21875,HE
588,8,0.046875,LE
588,8,0.703125,NO
588,8,0.03125,BO
589,8,0.3046875,HE
589,8,0.125,LE
589,8,0.453125,NO
589,8,0.1171875,BO
590,8,0.1640625,HE
590,8,0.1171875,LE
590,8,0.703125,NO
590,8,0.015625,BO
591,8,0.21875,HE
591,8,0.046875,LE
591,8,0.6953125,NO
591,8,0.0390625,BO
592,8,0.0625,HE
592,8,0.171875,LE
592,8,0.7421875,NO
592,8,0.0234375,BO
593,8,0.1484375,HE
593,8,0.0703125,LE
593,8,0.6640625,NO
593,8,0.1171875,BO
594,8,0.375,HE
594,8,0.0078125,LE
594,8,0.59375,NO
594,8,0.0234375,BO
595,8,0.2578125,HE
595,8,0.0078125,LE
595,8,0.734375,NO
595,8,0,BO
596,8,0.25,HE
596,8,0.0078125,LE
596,8,0.7421875,NO
596,8,0,BO
597,8,0.1328125,HE
597,8,0.140625,LE
597,8,0.65625,NO
597,8,0.0703125,BO
598,8,0.2578125,HE
598,8,0.0625,LE
598,8,0.6640625,NO
598,8,0.015625,BO
599,8,0.0546875,HE
599,8,0.2109375,LE
599,8,0.6328125,NO
599,8,0.1015625,BO
